Embalse,Periodo,Codigo EC,Caudal,Codigo EP,Precipitacion
Betania,2015-Jan,3103450,282.006451612903,21080030,7
Betania,2015-Feb,3103450,466.771428571429,21080030,34
Betania,2015-Mar,3103450,387.738709677419,21080030,73
Betania,2015-Apr,3103450,410.99,21080030,31
Betania,2015-May,3103450,492.712903225807,21080030,5
Betania,2015-Jun,3103450,889.346666666667,21080030,14
Betania,2015-Jul,3103450,384.31935483871,21080030,0
Betania,2015-Aug,3103450,338.029032258065,21080030,0
Betania,2015-Sep,3103450,242.326666666667,21080030,0
Betania,2015-Oct,3103450,215.722580645161,21080030,35
Betania,2015-Nov,3103450,281.6988,21080030,165
Betania,2015-Dec,3103450,307.664516129032,21080030,0
Betania,2016-Jan,3103450,246.982838709677,21080030,10
Betania,2016-Feb,3103450,310.955172413793,21080030,20
Betania,2016-Mar,3103450,366.492709677419,21080030,215
Betania,2016-Apr,3103450,569.0545,21080030,170
Betania,2016-May,3103450,497.418612903226,21080030,92
Betania,2016-Jun,3103450,479.188766666667,21080030,20
Betania,2016-Jul,3103450,606.307580645161,21080030,16
Betania,2016-Aug,3103450,479.83364516129,21080030,15
Betania,2016-Sep,3103450,538.3037,21080030,94
Betania,2016-Oct,3103450,427.826451612903,21080030,100
Betania,2016-Nov,3103450,337.224633333333,21080030,365
Betania,2016-Dec,3103450,459.229774193548,21080030,317
Betania,2017-Jan,3103450,595.089064516129,21080030,182
Betania,2017-Feb,3103450,525.331285714286,21080030,101
Betania,2017-Mar,3103450,558.906032258065,21080030,231
Betania,2017-Apr,3103450,717.194566666667,21080030,141
Betania,2017-May,3103450,837.280709677419,21080030,187
Betania,2017-Jun,3103450,718.036166666667,21080030,23
Betania,2017-Jul,3103450,569.365032258065,21080030,15
Betania,2017-Aug,3103450,558.265838709678,21080030,36
Betania,2017-Sep,3103450,445.0745,21080030,6
Betania,2017-Oct,3103450,423.407064516129,21080030,116
Betania,2017-Nov,3103450,504.656333333333,21080030,245
Betania,2017-Dec,3103450,468.482129032258,21080030,382
Betania,2018-Jan,3103450,378.363774193548,21080030,179
Betania,2018-Feb,3103450,344.344285714286,21080030,238
Betania,2018-Mar,3103450,362.566548387097,21080030,182
Betania,2018-Apr,3103450,500.1513,21080030,151
Betania,2018-May,3103450,490.248322580645,21080030,71
Betania,2018-Jun,3103450,689.474166666667,21080030,26
Betania,2018-Jul,3103450,594.723419354839,21080030,8
Betania,2018-Aug,3103450,465.076161290323,21080030,3
Betania,2018-Sep,3103450,378.941766666667,21080030,55
Betania,2018-Oct,3103450,378.907741935484,21080030,371
Betania,2018-Nov,3103450,472.201266666667,21080030,270
Betania,2018-Dec,3103450,405.966548387097,21080030,38
Betania,2019-Jan,3103450,236.716096774194,21080030,43
Betania,2019-Feb,3103450,290.398107142857,21080030,61
Betania,2019-Mar,3103450,381.019387096774,21080030,135
Betania,2019-Apr,3103450,536.883666666667,21080030,188
Betania,2019-May,3103450,505.666387096774,21080030,227
Betania,2019-Jun,3103450,753.587,21080030,53
Betania,2019-Jul,3103450,469.352096774194,21080030,12
Betania,2019-Aug,3103450,563.981774193548,21080030,2
Betania,2019-Sep,3103450,475.3212,21080030,65
Betania,2019-Oct,3103450,323.516,21080030,49
Betania,2019-Nov,3103450,484.690866666667,21080030,356
Betania,2019-Dec,3103450,553.108838709678,21080030,144
Betania,2020-Jan,3103450,324.372935483871,21080030,14
Betania,2020-Feb,3103450,345.225275862069,21080030,122
Betania,2020-Mar,3103450,341.048870967742,21080030,186
Betania,2020-Apr,3103450,500.64,21080030,38
Betania,2020-May,3103450,606.977161290323,21080030,125
Betania,2020-Jun,3103450,617.391866666667,21080030,29
Betania,2020-Jul,3103450,759.724709677419,21080030,87
Betania,2020-Aug,3103450,526.321225806452,21080030,7
Betania,2020-Sep,3103450,316.2277,21080030,20.687381605524
Betania,2020-Oct,3103450,436.080290322581,21080030,58
Betania,2020-Nov,3103450,500.815266666667,21080030,31
Betania,2020-Dec,3103450,444.986838709677,21080030,222
Betania,2021-Jan,3103450,440.850903225806,21080030,16.4447838313947
Betania,2021-Feb,3103450,388.032714285714,21080030,163
Betania,2021-Mar,3103450,645.965870967742,21080030,255
Betania,2021-Apr,3103450,497.0137,21080030,280
Betania,2021-May,3103450,754.345806451613,21080030,154
Betania,2021-Jun,3103450,767.1229,21080030,180
Betania,2021-Jul,3103450,792.397580645161,21080030,8
Betania,2021-Aug,3103450,640.301967741936,21080030,51
Betania,2021-Sep,3103450,696.6016,21080030,16
Betania,2021-Oct,3103450,628.572806451613,21080030,477
Betania,2021-Nov,3103450,585.425633333333,21080030,260
Betania,2021-Dec,3103450,470.012225806452,21080030,234.045403550409
Betania,2022-Jan,3103450,458.034741935484,21080030,90
Betania,2022-Feb,3103450,516.546571428571,21080030,0
Betania,2022-Mar,3103450,708.910387096774,21080030,185
Betania,2022-Apr,3103450,523.548366666667,21080030,232
Betania,2022-May,3103450,547.793612903226,21080030,66
Betania,2022-Jun,3103450,528.902466666667,21080030,152
Betania,2022-Jul,3103450,554.307064516129,21080030,114
Betania,2022-Aug,3103450,496.301709677419,21080030,32
Betania,2022-Sep,3103450,616.2834,21080030,184
Betania,2022-Oct,3103450,463.084096774194,21080030,210
Betania,2022-Nov,3103450,674.434833333333,21080030,174
Betania,2022-Dec,3103450,462.161387096774,21080030,141
Betania,2023-Jan,3103450,701.36035483871,21080030,202
Betania,2023-Feb,3103450,450.706464285714,21080030,112
Betania,2023-Mar,3103450,665.409419354839,21080030,367
Betania,2023-Apr,3103450,557.196466666667,21080030,175
Betania,2023-May,3103450,565.508419354839,21080030,216.494198090064
Betania,2023-Jun,3103450,511.138333333333,21080030,58.2896226302437
Betania,2023-Jul,3103450,512.838741935484,21080030,32.3287604177579
Betania,2023-Aug,3103450,453.594258064516,21080030,0
Betania,2023-Sep,3103450,441.6989,21080030,61.2391374994627
Betania,2023-Oct,3103450,374.539483870968,21080030,0
Betania,2023-Nov,3103450,350.517966666667,21080030,61
Betania,2023-Dec,3103450,421.296322580645,21080030,196
Betania,2024-Jan,3103450,486.336901362901,21080030,31
Betania,2024-Feb,3103450,461.43166221876,21080030,67
Betania,2024-Mar,3103450,455.406379016448,21080030,96
Betania,2024-Apr,3103450,664.7244008435,21080030,492
Betania,2024-May,3103450,529.763979029053,21080030,147
Betania,2024-Jun,3103450,597.929725326492,21080030,116
Betania,2024-Jul,3103450,613.917356301672,21080030,6
Betania,2024-Aug,3103450,339.724123174459,21080030,0
Betania,2024-Sep,3103450,215.784269842747,21080030,15
Betania,2024-Oct,3103450,345.354554565713,21080030,166
Betania,2024-Nov,3103450,339.295186136559,21080030,412
Betania,2024-Dec,3103450,464.230653982737,21080030,250
Betania,2025-Jan,3103450,385.026335726948,21080030,246
Betania,2025-Feb,3103450,538.702612793756,21080030,503
Betania,2025-Mar,3103450,455.408867340693,21080030,409
Betania,2025-Apr,3103450,597.907975815925,21080030,194
Betania,2025-May,3103450,656.727546999204,21080030,1
Betania,2025-Jun,3103450,597.612182061422,21080030,109
Prado,2015-Jan,3103470,5.30661290322581,21160040,140.053081156807
Prado,2024-Sep,3103470,3.53242307692308,21160040,246.765824036176
Prado,2024-Oct,3103470,43.3810948036162,21160040,248.335557178534
Prado,2024-Nov,3103470,22.4694556304055,21160040,554.079072881586
Prado,2024-Dec,3103470,17.9810151820155,21160040,131.71736589438
Prado,2025-Jan,3103470,7.03653757630732,21160040,76.6620116177301
Prado,2025-Feb,3103470,9.66102153238517,21160040,59.2921479852456
Prado,2025-Mar,3103470,11.8743491104084,21160040,191.422601513597
Prado,2025-Apr,3103470,40.346907713372,21160040,56.3987938947102
Prado,2025-May,3103470,39.5087267405509,21160040,0
Prado,2025-Jun,3103470,20.4588566379743,21160040,324.066176187289
Prado,2015-Feb,3103470,8.73978571428571,21160041,129.088045975541
Prado,2015-Mar,3103470,18.6752258064516,21160042,0
Prado,2015-Apr,3103470,18.8818666666667,21160043,322.220916823701
Prado,2015-May,3103470,10.8062258064516,21160044,116.614816081875
Prado,2015-Jun,3103470,34.6976666666667,21160045,84.1679383273869
Prado,2015-Jul,3103470,20.9496129032258,21160046,146.655743151215
Prado,2015-Aug,3103470,13.624064516129,21160047,150.946035739848
Prado,2015-Sep,3103470,7.18973333333333,21160048,174.118486707237
Prado,2015-Oct,3103470,6.58725806451613,21160049,242.400613800898
Prado,2015-Nov,3103470,19.0789333333333,21160050,251.212374306208
Prado,2015-Dec,3103470,5.25490322580645,21160051,0
Prado,2016-Jan,3103470,2.9931935483871,21160052,155.12513231191
Prado,2016-Feb,3103470,3.57624137931035,21160053,0
Prado,2016-Mar,3103470,4.55893548387097,21160054,108.472748982872
Prado,2016-Apr,3103470,19.5464666666667,21160055,33.3358227434031
Prado,2016-May,3103470,27.6790322580645,21160056,156.637567295815
Prado,2016-Jun,3103470,17.8652666666667,21160057,155.982380702537
Prado,2016-Jul,3103470,26.7854838709677,21160058,265.317555921446
Prado,2016-Aug,3103470,21.4682580645161,21160059,107.235260977321
Prado,2016-Sep,3103470,22.3141666666667,21160060,67.8056019900685
Prado,2016-Oct,3103470,27.4822580645161,21160061,199.081065203107
Prado,2016-Nov,3103470,39.1477666666667,21160062,265.894257915391
Prado,2016-Dec,3103470,20.3220967741936,21160063,311.700642112801
Prado,2017-Jan,3103470,14.941,21160064,242.512069638301
Prado,2017-Feb,3103470,7.75703571428571,21160065,0
Prado,2017-Mar,3103470,11.8018064516129,21160066,197.305088108273
Prado,2017-Apr,3103470,20.3899,21160067,235.461409446727
Prado,2017-May,3103470,38.1048064516129,21160068,390.988248336432
Prado,2017-Jun,3103470,33.8228666666667,21160069,242.765335888712
Prado,2017-Jul,3103470,30.0063225806452,21160070,194.498773999897
Prado,2017-Aug,3103470,16.1013870967742,21160071,151.479742470553
Prado,2017-Sep,3103470,10.2646,21160072,196.967879973201
Prado,2017-Oct,3103470,17.3775806451613,21160073,158.510432630296
Prado,2017-Nov,3103470,36.3883,21160074,207.147967822332
Prado,2017-Dec,3103470,16.9543870967742,21160075,251.95409664693
Prado,2018-Jan,3103470,16.7516451612903,21160076,67.0892286523479
Prado,2018-Feb,3103470,16.4597857142857,21160077,49.769168466598
Prado,2018-Mar,3103470,9.25554838709678,21160078,26.2413679286703
Prado,2018-Apr,3103470,40.1685,21160079,0
Prado,2018-May,3103470,45.6603870967742,21160080,280.819299608658
Prado,2018-Jun,3103470,29.0186666666667,21160081,330.063979949119
Prado,2018-Jul,3103470,19.3507741935484,21160082,83.4260752164388
Prado,2018-Aug,3103470,21.6133548387097,21160083,0
Prado,2018-Sep,3103470,14.7636333333333,21160084,145.429424461664
Prado,2018-Oct,3103470,22.4261935483871,21160085,0
Prado,2018-Nov,3103470,26.8787333333333,21160086,0
Prado,2018-Dec,3103470,10.1927419354839,21160087,257.930269913285
Prado,2019-Jan,3103470,6.51261290322581,21160088,67.0908676690048
Prado,2019-Feb,3103470,8.37953571428571,21160089,5.33445194130738
Prado,2019-Mar,3103470,13.8808064516129,21160090,233.197702066555
Prado,2019-Apr,3103470,27.3687,21160091,18.1602366661903
Prado,2019-May,3103470,34.7068387096774,21160092,0
Prado,2019-Jun,3103470,34.3584,21160093,132.952950885334
Prado,2019-Jul,3103470,21.3163548387097,21160094,194.472249148884
Prado,2019-Aug,3103470,12.2309032258065,21160095,116.21797007121
Prado,2019-Sep,3103470,11.3346333333333,21160096,253.359101623492
Prado,2019-Oct,3103470,17.0521612903226,21160097,127.019069015555
Prado,2019-Nov,3103470,33.7005666666667,21160098,215.629476472205
Prado,2019-Dec,3103470,13.5335161290323,21160099,0
Prado,2020-Jan,3103470,17.5558709677419,21160100,248.12091800744
Prado,2020-Feb,3103470,28.8658275862069,21160101,136.217136832327
Prado,2020-Mar,3103470,45.514064516129,21160102,100.846763221553
Prado,2020-Apr,3103470,16.8854,21160103,233.764569838032
Prado,2020-May,3103470,40.6221290322581,21160104,277.803092679587
Prado,2020-Jun,3103470,90.1490333333333,21160105,172.723573708309
Prado,2020-Jul,3103470,60.6025161290323,21160106,324.287930045987
Prado,2020-Aug,3103470,31.547064516129,21160107,181.524036697194
Prado,2020-Sep,3103470,58.4103666666667,21160108,46.4698852937165
Prado,2020-Oct,3103470,6.99312903225806,21160109,140.209283131325
Prado,2020-Nov,3103470,62.9885666666667,21160110,230.978723149328
Prado,2020-Dec,3103470,32.2558064516129,21160111,351.4366484062
Prado,2021-Jan,3103470,11.5263225806452,21160112,167.079615293233
Prado,2021-Feb,3103470,13.92975,21160113,15.6710129715642
Prado,2021-Mar,3103470,49.9830967741936,21160114,142.726938913923
Prado,2021-Apr,3103470,38.2502,21160115,310.334299989351
Prado,2021-May,3103470,80.4327741935484,21160116,168.303906758231
Prado,2021-Jun,3103470,55.8137666666667,21160117,47.9741563012709
Prado,2021-Jul,3103470,26.6759032258065,21160118,150.647837136883
Prado,2021-Aug,3103470,29.966064516129,21160119,308.423831546886
Prado,2021-Sep,3103470,29.3722666666667,21160120,92.8322115610493
Prado,2021-Oct,3103470,66.7117741935484,21160121,62.4257800437335
Prado,2021-Nov,3103470,55.8495,21160122,656.188376283367
Prado,2021-Dec,3103470,15.0987096774194,21160123,0
Prado,2022-Jan,3103470,7.27590322580645,21160124,43.596698335034
Prado,2022-Feb,3103470,11.4573214285714,21160125,0
Prado,2022-Mar,3103470,21.0124516129032,21160126,100.701997057151
Prado,2022-Apr,3103470,26.9503,21160127,230.160490443853
Prado,2022-May,3103470,47.5250322580645,21160128,123.242242083771
Prado,2022-Jun,3103470,52.5817666666667,21160129,35.7967605392593
Prado,2022-Jul,3103470,40.1379032258065,21160130,327.223419745066
Prado,2022-Aug,3103470,19.2400967741936,21160131,82.4093572596406
Prado,2022-Sep,3103470,22.3158333333333,21160132,84.8516051834523
Prado,2022-Oct,3103470,51.9804838709677,21160133,170.917098158352
Prado,2022-Nov,3103470,54.3203,21160134,186.28306197736
Prado,2022-Dec,3103470,20.0557741935484,21160135,226.72264382697
Prado,2023-Jan,3103470,29.1066774193548,21160136,144.629960920776
Prado,2023-Feb,3103470,11.1511428571429,21160137,249.773732556621
Prado,2023-Mar,3103470,29.031935483871,21160138,433.360995751379
Prado,2023-Apr,3103470,20.6836,21160139,189.583378233863
Prado,2023-May,3103470,32.3778709677419,21160140,322.208935265818
Prado,2023-Jun,3103470,36.4346666666667,21160141,307.975250200928
Prado,2023-Jul,3103470,22.0402903225806,21160142,0
Prado,2023-Aug,3103470,22.3069032258065,21160143,49.5489925511917
Prado,2023-Sep,3103470,14.0989666666667,21160144,0
Prado,2023-Oct,3103470,24.9618387096774,21160145,266.603396628093
Prado,2023-Nov,3103470,33.5415333333333,21160146,273.679458027632
Prado,2023-Dec,3103470,13.9183870967742,21160147,471.82875060113
Prado,2024-Jan,3103470,6.1008064516129,21160148,44.2013491737762
Prado,2024-Feb,3103470,6.86010344827586,21160149,82.9574799926611
Prado,2024-Mar,3103470,9.03603225806452,21160150,180.438899309166
Prado,2024-Apr,3103470,17.152,21160151,163.364525155865
Prado,2024-May,3103470,39.5601612903226,21160152,386.954758597614
Prado,2024-Jun,3103470,33.1376,21160153,381.647237580059
Prado,2024-Jul,3103470,20.9503225806452,21160154,245.278755651563
Prado,2024-Aug,3103470,9.8258064516129,21160155,84.2790513350848
Salvajina,2015-Jan,3103045,3.66025806451613,26030150,138.8
Salvajina,2015-Feb,3103045,3.95271428571429,26030150,126.4
Salvajina,2015-Mar,3103045,4.6321935483871,26030150,330.4
Salvajina,2015-Apr,3103045,6.71856666666667,26030150,298.2
Salvajina,2015-May,3103045,4.41903225806452,26030150,161.2
Salvajina,2015-Jun,3103045,2.8587,26030150,30.5
Salvajina,2015-Jul,3103045,2.3741935483871,26030150,139.7
Salvajina,2015-Aug,3103045,1.66967741935484,26030150,47.2
Salvajina,2015-Sep,3103045,1.50476666666667,26030150,52.4
Salvajina,2015-Oct,3103045,1.93464516129032,26030150,229
Salvajina,2015-Nov,3103045,6.2082,26030150,540.7
Salvajina,2015-Dec,3103045,3.75696774193548,26030150,39.5
Salvajina,2016-Jan,3103045,1.56161290322581,26030150,58.1
Salvajina,2016-Feb,3103045,1.23462068965517,26030150,125
Salvajina,2016-Mar,3103045,2.73583870967742,26030150,236.3
Salvajina,2016-Apr,3103045,6.34186666666667,26030150,266.3
Salvajina,2016-May,3103045,11.1239032258065,26030150,217.6
Salvajina,2016-Jun,3103045,2.93333333333333,26030150,150.8
Salvajina,2016-Jul,3103045,1.88838709677419,26030150,60.7
Salvajina,2016-Aug,3103045,1.11945161290323,26030150,40.3
Salvajina,2016-Sep,3103045,1.0168,26030150,108.3
Salvajina,2016-Oct,3103045,3.91093548387097,26030150,324.7
Salvajina,2016-Nov,3103045,7.44333333333333,26030150,305.9
Salvajina,2016-Dec,3103045,8.99980645161291,26030150,382.9
Salvajina,2017-Jan,3103045,8.57532258064516,26030150,218.3
Salvajina,2017-Feb,3103045,3.13657142857143,26030150,75.5
Salvajina,2017-Mar,3103045,10.6129032258065,26030150,354.3
Salvajina,2017-Apr,3103045,13.4524666666667,26030150,233.6
Salvajina,2017-May,3103045,11.6689677419355,26030150,248.1
Salvajina,2017-Jun,3103045,5.9925,26030150,251
Salvajina,2017-Jul,3103045,2.92422580645161,26030150,6.8
Salvajina,2017-Aug,3103045,1.87267741935484,26030150,213.1
Salvajina,2017-Sep,3103045,1.3067,26030150,65.7
Salvajina,2017-Oct,3103045,2.80577419354839,26030150,245.3
Salvajina,2017-Nov,3103045,6.74423333333333,26030150,268.2
Salvajina,2017-Dec,3103045,6.98351612903226,26030150,206
Salvajina,2018-Jan,3103045,6.906,26030150,190
Salvajina,2018-Feb,3103045,4.8665,26030150,190.9
Salvajina,2018-Mar,3103045,3.31683870967742,26030150,191.1
Salvajina,2018-Apr,3103045,3.05076666666667,26030150,167.3
Salvajina,2018-May,3103045,4.00509677419355,26030150,371.3
Salvajina,2018-Jun,3103045,2.9365,26030150,137.5
Salvajina,2018-Jul,3103045,2.14232258064516,26030150,88.5
Salvajina,2018-Aug,3103045,1.54503225806452,26030150,52.6
Salvajina,2018-Sep,3103045,1.91036666666667,26030150,229.4
Salvajina,2018-Oct,3103045,3.10596774193548,26030150,312.3
Salvajina,2018-Nov,3103045,8.51216666666667,26030150,472.8
Salvajina,2018-Dec,3103045,4.32090322580645,26030150,44.6
Salvajina,2019-Jan,3103045,1.45603225806452,26030150,148.1
Salvajina,2019-Feb,3103045,1.79817857142857,26030150,192.2
Salvajina,2019-Mar,3103045,2.58558064516129,26030150,212.1
Salvajina,2019-Apr,3103045,4.6072,26030150,312.1
Salvajina,2019-May,3103045,3.56861290322581,26030150,304.7
Salvajina,2019-Jun,3103045,3.99656666666667,26030150,145.1
Salvajina,2019-Jul,3103045,1.52632258064516,26030150,86
Salvajina,2019-Aug,3103045,0.859870967741936,26030150,3
Salvajina,2019-Sep,3103045,0.9102,26030150,191.4
Salvajina,2019-Oct,3103045,1.18848387096774,26030150,160.2
Salvajina,2019-Nov,3103045,3.19026666666667,26030150,329.9
Salvajina,2019-Dec,3103045,5.54132258064516,26030150,315.1
Salvajina,2020-Jan,3103045,0,26030150,50.5
Salvajina,2020-Feb,3103045,2.54678841652242,26030150,147.1
Salvajina,2020-Mar,3103045,0,26030150,136.4
Salvajina,2020-Apr,3103045,10.5397764121177,26030150,247.4
Salvajina,2020-May,3103045,6.20181961199326,26030150,202.3
Salvajina,2020-Jun,3103045,5.09107205064426,26030150,250.3
Salvajina,2020-Jul,3103045,2.99343602162519,26030150,210.4
Salvajina,2020-Aug,3103045,1.45136293716896,26030150,146.9
Salvajina,2020-Sep,3103045,1.12209647032471,26030150,106.1
Salvajina,2020-Oct,3103045,2.03030911386273,26030150,304.5
Salvajina,2020-Nov,3103045,5.76420235117604,26030150,366.3
Salvajina,2020-Dec,3103045,5.9313491460082,26030150,377.4
Salvajina,2021-Jan,3103045,0.180669883082582,26030150,134.8
Salvajina,2021-Feb,3103045,0.783503655152338,26030150,203.5
Salvajina,2021-Mar,3103045,5.86584703781596,26030150,412.2
Salvajina,2021-Apr,3103045,3.49489122691956,26030150,178.1
Salvajina,2021-May,3103045,2.45630013076553,26030150,200.4
Salvajina,2021-Jun,3103045,4.22912776449225,26030150,388.5
Salvajina,2021-Jul,3103045,0.794204211205711,26030150,50.6548316776869
Salvajina,2021-Aug,3103045,0.589794403472424,26030150,78.9017158797802
Salvajina,2021-Sep,3103045,1.00580434096461,26030150,140.315383029984
Salvajina,2021-Oct,3103045,3.13061498967879,26030150,329.8
Salvajina,2021-Nov,3103045,5.63528804283255,26030150,276.6
Salvajina,2021-Dec,3103045,5.42293113185025,26030150,346
Salvajina,2022-Jan,3103045,5.06194635822606,26030150,239.8
Salvajina,2022-Feb,3103045,1.9196886266918,26030150,288
Salvajina,2022-Mar,3103045,3.48249277798999,26030150,480.3
Salvajina,2022-Apr,3103045,5.60380417970006,26030150,261
Salvajina,2022-May,3103045,2.09068180560402,26030150,221.6
Salvajina,2022-Jun,3103045,2.87724800228539,26030150,268.9
Salvajina,2022-Jul,3103045,2.60306599128668,26030150,283.9
Salvajina,2022-Aug,3103045,1.32232107087289,26030150,139.3
Salvajina,2022-Sep,3103045,1.12871327775258,26030150,134.2
Salvajina,2022-Oct,3103045,2.69156988831232,26030150,295
Salvajina,2022-Nov,3103045,3.49210379668023,26030150,338.9
Salvajina,2022-Dec,3103045,2.91842474983077,26030150,139.6
Salvajina,2023-Jan,3103045,6.79548305017104,26030150,292.2
Salvajina,2023-Feb,3103045,2.30787097439295,26030150,97.9
Salvajina,2023-Mar,3103045,2.50168265092789,26030150,379.5
Salvajina,2023-Apr,3103045,8.1522845719397,26030150,164.9
Salvajina,2023-May,3103045,10.2626625377674,26030150,218.7
Salvajina,2023-Jun,3103045,4.22880492720035,26030150,126
Salvajina,2023-Jul,3103045,2.21684053664,26030150,189.2
Salvajina,2023-Aug,3103045,1.56131123343288,26030150,84.2
Salvajina,2023-Sep,3103045,1.69656709395778,26030150,96.9
Salvajina,2023-Oct,3103045,3.61099976993455,26030150,260.1
Salvajina,2023-Nov,3103045,7.01198299776033,26030150,308.7
Salvajina,2023-Dec,3103045,5.0282915727209,26030150,213.5
Salvajina,2024-Jan,3103045,4.98035009481825,26030150,57.2
Salvajina,2024-Feb,3103045,4.58084808847062,26030150,134.4
Salvajina,2024-Mar,3103045,6.83238257137751,26030150,125.2
Salvajina,2024-Apr,3103045,10.7159087557414,26030150,270.9
Salvajina,2024-May,3103045,12.4746156649628,26030150,307.1
Salvajina,2024-Jun,3103045,5.80880787791675,26030150,213.1
Salvajina,2024-Jul,3103045,2.01393798458686,26030150,40.9
Salvajina,2024-Aug,3103045,2.02570610770464,26030150,78.5
Salvajina,2024-Sep,3103045,1.46149680489085,26030150,58.4
Salvajina,2024-Oct,3103045,1.84855469753996,26030150,175.1
Salvajina,2024-Nov,3103045,6.94184085715526,26030150,179
Salvajina,2024-Dec,3103045,5.19358705967252,26030150,359.5
Salvajina,2025-Jan,3103045,4.06168533355849,26030150,132.3
Salvajina,2025-Feb,3103045,3.51231482017248,26030150,357
Salvajina,2025-Mar,3103045,8.2416371931845,26030150,368
Salvajina,2025-Apr,3103045,4.92751872470842,26030150,354.8
Salvajina,2025-May,3103045,6.66416901825914,26030150,279.5
Salvajina,2025-Jun,3103045,3.69541250639368,26030150,351.7
Guatape,2015-Jan,3103150,289.574193548387,23085110,116.4
Guatape,2015-Feb,3103150,348.496428571429,23085110,127.7
Guatape,2015-Mar,3103150,465.077419354839,23085110,188.6
Guatape,2015-Apr,3103150,657.156666666667,23085110,261.3
Guatape,2015-May,3103150,329.274193548387,23085110,217.7
Guatape,2015-Jun,3103150,250.64,23085110,71.7
Guatape,2015-Jul,3103150,236.941935483871,23085110,196.8
Guatape,2015-Aug,3103150,190.996774193548,23085110,214.4
Guatape,2015-Sep,3103150,174.574,23085110,149.6
Guatape,2015-Oct,3103150,229.026774193548,23085110,175
Guatape,2015-Nov,3103150,354.006666666667,23085110,269.5
Guatape,2015-Dec,3103150,276.615161290323,23085110,10.9
Guatape,2016-Jan,3103150,172.25435483871,23085110,40.9
Guatape,2016-Feb,3103150,161.013103448276,23085110,137.4
Guatape,2016-Mar,3103150,268.378032258065,23085110,108.1
Guatape,2016-Apr,3103150,424.4251,23085110,311.1
Guatape,2016-May,3103150,648.655580645161,23085110,175.4
Guatape,2016-Jun,3103150,386.813266666667,23085110,63.5
Guatape,2016-Jul,3103150,310.136548387097,23085110,223.7
Guatape,2016-Aug,3103150,239.576903225807,23085110,254.1
Guatape,2016-Sep,3103150,340.235933333333,23085110,385.3
Guatape,2016-Oct,3103150,516.295,23085110,308.3
Guatape,2016-Nov,3103150,833.299066666667,23085110,208.6
Guatape,2016-Dec,3103150,773.202290322581,23085110,235.2
Guatape,2017-Jan,3103150,928.078967741936,23085110,183.3
Guatape,2017-Feb,3103150,511.2515,23085110,100.2
Guatape,2017-Mar,3103150,1074.33090322581,23085110,471.4
Guatape,2017-Apr,3103150,1223.3112,23085110,118.4
Guatape,2017-May,3103150,1769.58319354839,23085110,478.1
Guatape,2017-Jun,3103150,1075.35746666667,23085110,451.9
Guatape,2017-Jul,3103150,646.583516129032,23085110,92.6
Guatape,2017-Aug,3103150,558.043225806452,23085110,253.1
Guatape,2017-Sep,3103150,663.066233333333,23085110,379
Guatape,2017-Oct,3103150,774.824741935484,23085110,257.9
Guatape,2017-Nov,3103150,1394.72813333333,23085110,228.2
Guatape,2017-Dec,3103150,1014.8295483871,23085110,85.1
Guatape,2018-Jan,3103150,1061.29051612903,23085110,227.3
Guatape,2018-Feb,3103150,704.743535714286,23085110,101.9
Guatape,2018-Mar,3103150,619.56964516129,23085110,126.9
Guatape,2018-Apr,3103150,1167.3806,23085110,290.1
Guatape,2018-May,3103150,1159.53483870968,23085110,413.2
Guatape,2018-Jun,3103150,742.7491,23085110,176.6
Guatape,2018-Jul,3103150,486.145451612903,23085110,145
Guatape,2018-Aug,3103150,482.509612903226,23085110,146.8
Guatape,2018-Sep,3103150,477.7145,23085110,223.1
Guatape,2018-Oct,3103150,687.409451612903,23085110,218.2
Guatape,2018-Nov,3103150,1058.0562,23085110,355.3
Guatape,2018-Dec,3103150,1034.39332258065,23085110,35.2
Guatape,2019-Jan,3103150,373.635548387097,23085110,125.4
Guatape,2019-Feb,3103150,482.171821428571,23085110,94.6
Guatape,2019-Mar,3103150,648.071935483871,23085110,211.2
Guatape,2019-Apr,3103150,1157.8014,23085110,254.6
Guatape,2019-May,3103150,938.852838709677,23085110,357.7
Guatape,2019-Jun,3103150,992.7075,23085110,89.4
Guatape,2019-Jul,3103150,449.026322580645,23085110,176.3
Guatape,2019-Aug,3103150,292.298387096774,23085110,25.7
Guatape,2019-Sep,3103150,294.093966666667,23085110,222.9
Guatape,2019-Oct,3103150,508.933935483871,23085110,295.8
Guatape,2019-Nov,3103150,814.931966666667,23085110,197.4
Guatape,2019-Dec,3103150,695.500870967742,23085110,163.4
Guatape,2020-Jan,3103150,510.217096774194,23085110,16.8
Guatape,2020-Feb,3103150,323.274689655172,23085110,90.4
Guatape,2020-Mar,3103150,384.798193548387,23085110,120.8
Guatape,2020-Apr,3103150,457.523833333333,23085110,147.4
Guatape,2020-May,3103150,360.536064516129,23085110,133
Guatape,2020-Jun,3103150,427.2674,23085110,171.7
Guatape,2020-Jul,3103150,487.204806451613,23085110,167.842967901908
Guatape,2020-Aug,3103150,451.728193548387,23085110,246
Guatape,2020-Sep,3103150,563.763766666667,23085110,237.4
Guatape,2020-Oct,3103150,390.865129032258,23085110,125.7
Guatape,2020-Nov,3103150,643.935233333333,23085110,282.6
Guatape,2020-Dec,3103150,639.324967741936,23085110,188.9
Guatape,2021-Jan,3103150,709.743612903226,23085110,23.8
Guatape,2021-Feb,3103150,575.126392857143,23085110,150.6
Guatape,2021-Mar,3103150,1602.18335483871,23085110,316.3
Guatape,2021-Apr,3103150,980.136133333333,23085110,258.7
Guatape,2021-May,3103150,1232.91964516129,23085110,357.7
Guatape,2021-Jun,3103150,1129.6152,23085110,291.5
Guatape,2021-Jul,3103150,583.918741935484,23085110,127
Guatape,2021-Aug,3103150,745.353967741935,23085110,246
Guatape,2021-Sep,3103150,717.154133333333,23085110,200.1
Guatape,2021-Oct,3103150,834.578,23085110,237.9
Guatape,2021-Nov,3103150,1361.99856666667,23085110,294.7
Guatape,2021-Dec,3103150,1094.63038709677,23085110,90.5
Guatape,2022-Jan,3103150,918.536032258064,23085110,145.8
Guatape,2022-Feb,3103150,845.767428571429,23085110,160.6
Guatape,2022-Mar,3103150,1715.07393548387,23085110,480.5
Guatape,2022-Apr,3103150,1946.104,23085110,344
Guatape,2022-May,3103150,1144.75061290323,23085110,204.7
Guatape,2022-Jun,3103150,1494.54046666667,23085110,229.6
Guatape,2022-Jul,3103150,1041.70264516129,23085110,255.1
Guatape,2022-Aug,3103150,884.494322580645,23085110,206.7
Guatape,2022-Sep,3103150,604.208,23085110,249.6
Guatape,2022-Oct,3103150,1071.68770967742,23085110,298.4
Guatape,2022-Nov,3103150,1767.7337,23085110,296.4
Guatape,2022-Dec,3103150,1147.79138709677,23085110,129.7
Guatape,2023-Jan,3103150,1127.04248387097,23085110,102.9
Guatape,2023-Feb,3103150,584.800678571429,23085110,69.6
Guatape,2023-Mar,3103150,1374.37329032258,23085110,205.5
Guatape,2023-Apr,3103150,1139.6895,23085110,182.9
Guatape,2023-May,3103150,812.397387096774,23085110,265.3
Guatape,2023-Jun,3103150,565.263866666667,23085110,197.8
Guatape,2023-Jul,3103150,414.582870967742,23085110,151.1
Guatape,2023-Aug,3103150,381.484225806452,23085110,165.1
Guatape,2023-Sep,3103150,306.700666666667,23085110,136.4
Guatape,2023-Oct,3103150,460.527580645161,23085110,268.9
Guatape,2023-Nov,3103150,665.487133333333,23085110,191.1
Guatape,2023-Dec,3103150,397.220161290323,23085110,116.8
Guatape,2024-Jan,3103150,330.552096774194,23085110,9.9
Guatape,2024-Feb,3103150,318.007793103448,23085110,85.7
Guatape,2024-Mar,3103150,256.045935483871,23085110,97
Guatape,2024-Apr,3103150,431.720866666667,23085110,195
Guatape,2024-May,3103150,888.985,23085110,338.5
Guatape,2024-Jun,3103150,921.985533333333,23085110,388.7
Guatape,2024-Jul,3103150,735.371483870968,23085110,114.2
Guatape,2024-Aug,3103150,370.189451612903,23085110,202.3
Guatape,2024-Sep,3103150,264.668933333333,23085110,165.6
Guatape,2024-Oct,3103150,361.18335483871,23085110,257.6
Guatape,2024-Nov,3103150,538.934133333333,23085110,225.9
Guatape,2024-Dec,3103150,423.875709677419,23085110,198
Guatape,2025-Jan,3103150,1303.0726458222,23085110,130.5
Guatape,2025-Feb,3103150,521.094254372871,23085110,297.9
Guatape,2025-Mar,3103150,984.139236972711,23085110,156.5
Guatape,2025-Apr,3103150,922.850792789403,23085110,372
Guatape,2025-May,3103150,100.693200099089,23085110,389.1
Guatape,2025-Jun,3103150,788.279121963387,23085110,381.1
Muna,2015-Jan,3103470,5.30661290322581,21201320,82.4
Muna,2015-Feb,3103470,8.73978571428571,21201320,69.2
Muna,2015-Mar,3103470,18.6752258064516,21201320,149.4
Muna,2015-Apr,3103470,18.8818666666667,21201320,147.4
Muna,2015-May,3103470,10.8062258064516,21201320,55.7
Muna,2015-Jun,3103470,34.6976666666667,21201320,149.2
Muna,2015-Jul,3103470,20.9496129032258,21201320,88.2
Muna,2015-Aug,3103470,13.624064516129,21201320,65.9
Muna,2015-Sep,3103470,7.18973333333333,21201320,60.4
Muna,2015-Oct,3103470,6.58725806451613,21201320,131.9
Muna,2015-Nov,3103470,19.0789333333333,21201320,171.5
Muna,2015-Dec,3103470,5.25490322580645,21201320,17
Muna,2016-Jan,3103470,2.9931935483871,21201320,68.4
Muna,2016-Feb,3103470,3.57624137931035,21201320,80.4
Muna,2016-Mar,3103470,4.55893548387097,21201320,84.8
Muna,2016-Apr,3103470,19.5464666666667,21201320,234.9
Muna,2016-May,3103470,27.6790322580645,21201320,256.5
Muna,2016-Jun,3103470,17.8652666666667,21201320,41
Muna,2016-Jul,3103470,26.7854838709677,21201320,60.7
Muna,2016-Aug,3103470,21.4682580645161,21201320,54.6
Muna,2016-Sep,3103470,22.3141666666667,21201320,165.4
Muna,2016-Oct,3103470,27.4822580645161,21201320,174.3
Muna,2016-Nov,3103470,39.1477666666667,21201320,274.1
Muna,2016-Dec,3103470,20.3220967741936,21201320,165.2
Muna,2017-Jan,3103470,14.941,21201320,91.9
Muna,2017-Feb,3103470,7.75703571428571,21201320,90.6
Muna,2017-Mar,3103470,11.8018064516129,21201320,246.9
Muna,2017-Apr,3103470,20.3899,21201320,121.1
Muna,2017-May,3103470,38.1048064516129,21201320,205.1
Muna,2017-Jun,3103470,33.8228666666667,21201320,170.4
Muna,2017-Jul,3103470,30.0063225806452,21201320,51.3
Muna,2017-Aug,3103470,16.1013870967742,21201320,113.4
Muna,2017-Sep,3103470,10.2646,21201320,59.7
Muna,2017-Oct,3103470,17.3775806451613,21201320,124.4
Muna,2017-Nov,3103470,36.3883,21201320,140
Muna,2017-Dec,3103470,16.9543870967742,21201320,136.9
Muna,2018-Jan,3103470,16.7516451612903,21201320,43.9
Muna,2018-Feb,3103470,16.4597857142857,21201320,73.4
Muna,2018-Mar,3103470,9.25554838709678,21201320,73.2
Muna,2018-Apr,3103470,40.1685,21201320,218.1
Muna,2018-May,3103470,45.6603870967742,21201320,220.1
Muna,2018-Jun,3103470,29.0186666666667,21201320,104.208163705891
Muna,2018-Jul,3103470,19.3507741935484,21201320,100.431349629975
Muna,2018-Aug,3103470,21.6133548387097,21201320,106.894389878438
Muna,2018-Sep,3103470,14.7636333333333,21201320,64.077160401827
Muna,2018-Oct,3103470,22.4261935483871,21201320,133.234441001018
Muna,2018-Nov,3103470,26.8787333333333,21201320,216.733738862446
Muna,2018-Dec,3103470,10.1927419354839,21201320,120.727581571861
Muna,2019-Jan,3103470,6.51261290322581,21201320,104.664677986207
Muna,2019-Feb,3103470,8.37953571428571,21201320,70.3276701404013
Muna,2019-Mar,3103470,13.8808064516129,21201320,41.3589287198424
Muna,2019-Apr,3103470,27.3687,21201320,151.81415979129
Muna,2019-May,3103470,34.7068387096774,21201320,215.566441219079
Muna,2019-Jun,3103470,34.3584,21201320,110.577852174919
Muna,2019-Jul,3103470,21.3163548387097,21201320,69.3540649951494
Muna,2019-Aug,3103470,12.2309032258065,21201320,35.9223491288013
Muna,2019-Sep,3103470,11.3346333333333,21201320,33.7843650855007
Muna,2019-Oct,3103470,17.0521612903226,21201320,164.141115535084
Muna,2019-Nov,3103470,33.7005666666667,21201320,75.4616670373518
Muna,2019-Dec,3103470,13.5335161290323,21201320,77.5400816678272
Muna,2020-Jan,3103470,17.5558709677419,21201320,15.1254355265528
Muna,2020-Feb,3103470,28.8658275862069,21201320,55.2713678486756
Muna,2020-Mar,3103470,45.514064516129,21201320,246.661783192226
Muna,2020-Apr,3103470,16.8854,21201320,244.36280309451
Muna,2020-May,3103470,40.6221290322581,21201320,14.7198184800808
Muna,2020-Jun,3103470,90.1490333333333,21201320,42.4387419607115
Muna,2020-Jul,3103470,60.6025161290323,21201320,32.1772762673304
Muna,2020-Aug,3103470,31.547064516129,21201320,99.8943002183692
Muna,2020-Sep,3103470,58.4103666666667,21201320,25.6932487499834
Muna,2020-Oct,3103470,6.99312903225806,21201320,118.429974118287
Muna,2020-Nov,3103470,62.9885666666667,21201320,55.0986572561989
Muna,2020-Dec,3103470,32.2558064516129,21201320,16.3284843980756
Muna,2021-Jan,3103470,11.5263225806452,21201320,78.6156091801001
Muna,2021-Feb,3103470,13.92975,21201320,29.129651056131
Muna,2021-Mar,3103470,49.9830967741936,21201320,52.6802016298962
Muna,2021-Apr,3103470,38.2502,21201320,0
Muna,2021-May,3103470,80.4327741935484,21201320,6.41186429394259
Muna,2021-Jun,3103470,55.8137666666667,21201320,102.997416075385
Muna,2021-Jul,3103470,26.6759032258065,21201320,73.4335916511914
Muna,2021-Aug,3103470,29.966064516129,21201320,80.1513095110589
Muna,2021-Sep,3103470,29.3722666666667,21201320,30.0853273177668
Muna,2021-Oct,3103470,66.7117741935484,21201320,199.306758949859
Muna,2021-Nov,3103470,55.8495,21201320,203.091234791218
Muna,2021-Dec,3103470,15.0987096774194,21201320,0
Muna,2022-Jan,3103470,7.27590322580645,21201320,129.811029146756
Muna,2022-Feb,3103470,11.4573214285714,21201320,69.5515878444017
Muna,2022-Mar,3103470,21.0124516129032,21201320,91.0237563463948
Muna,2022-Apr,3103470,26.9503,21201320,148.143178678866
Muna,2022-May,3103470,47.5250322580645,21201320,189.710999527266
Muna,2022-Jun,3103470,52.5817666666667,21201320,107.034675281039
Muna,2022-Jul,3103470,40.1379032258065,21201320,37.0136991619874
Muna,2022-Aug,3103470,19.2400967741936,21201320,94.8270568860632
Muna,2022-Sep,3103470,22.3158333333333,21201320,74.1054583087707
Muna,2022-Oct,3103470,51.9804838709677,21201320,102.841190197122
Muna,2022-Nov,3103470,54.3203,21201320,135.835196618785
Muna,2022-Dec,3103470,20.0557741935484,21201320,47.9858704300953
Muna,2023-Jan,3103470,29.1066774193548,21201320,28.2567962210964
Muna,2023-Feb,3103470,11.1511428571429,21201320,41.320932987223
Muna,2023-Mar,3103470,29.031935483871,21201320,185.435945720327
Muna,2023-Apr,3103470,20.6836,21201320,154.593394226996
Muna,2023-May,3103470,32.3778709677419,21201320,167.33016767702
Muna,2023-Jun,3103470,36.4346666666667,21201320,40.1600744169889
Muna,2023-Jul,3103470,22.0402903225806,21201320,76.3479013586689
Muna,2023-Aug,3103470,22.3069032258065,21201320,133.364334438918
Muna,2023-Sep,3103470,14.0989666666667,21201320,99.0294710746522
Muna,2023-Oct,3103470,24.9618387096774,21201320,270.420320059406
Muna,2023-Nov,3103470,33.5415333333333,21201320,225.149436870531
Muna,2023-Dec,3103470,13.9183870967742,21201320,151.031165207901
Muna,2024-Jan,3103470,6.1008064516129,21201320,41.8007554045066
Muna,2024-Feb,3103470,6.86010344827586,21201320,79.662635318393
Muna,2024-Mar,3103470,9.03603225806452,21201320,15.4657527119257
Muna,2024-Apr,3103470,17.152,21201320,32.6
Muna,2024-May,3103470,39.5601612903226,21201320,46.1
Muna,2024-Jun,3103470,33.1376,21201320,41.1
Muna,2024-Jul,3103470,20.9503225806452,21201320,34.9
Muna,2024-Aug,3103470,9.8258064516129,21201320,27.5
Muna,2024-Sep,3103470,3.53242307692308,21201320,29.3
Muna,2024-Oct,3103470,41.961235157707,21201320,40.2
Muna,2024-Nov,3103470,51.705555741225,21201320,42.9
Muna,2024-Dec,3103470,9.50815849319093,21201320,14.1
Muna,2025-Jan,3103470,31.371176942025,21201320,12.8
Muna,2025-Feb,3103470,10.3613825348498,21201320,25.6
Muna,2025-Mar,3103470,25.9861540627618,21201320,34.7
Muna,2025-Apr,3103470,24.3331146064064,21201320,39.8
Muna,2025-May,3103470,19.0707400863575,21201320,43.2
Muna,2025-Jun,3103470,64.8333945070172,21201320,36.2
Miel-Norcasia,2015-Jan,3103480,248.764516129032,23050250,437
Miel-Norcasia,2015-Feb,3103480,301.442857142857,23050250,273
Miel-Norcasia,2015-Mar,3103480,281.738709677419,23050250,400
Miel-Norcasia,2015-Apr,3103480,369.033333333333,23050250,572
Miel-Norcasia,2015-May,3103480,207.435483870968,23050250,409
Miel-Norcasia,2015-Jun,3103480,167.995333333333,23050250,139
Miel-Norcasia,2015-Jul,3103480,123.266774193548,23050250,124
Miel-Norcasia,2015-Aug,3103480,85.0038709677419,23050250,211
Miel-Norcasia,2015-Sep,3103480,101.396,23050250,140
Miel-Norcasia,2015-Oct,3103480,143.657741935484,23050250,486
Miel-Norcasia,2015-Nov,3103480,195.876666666667,23050250,528
Miel-Norcasia,2015-Dec,3103480,107.965806451613,23050250,287
Miel-Norcasia,2016-Jan,3103480,85.5125161290323,23050250,113
Miel-Norcasia,2016-Feb,3103480,168.743206896552,23050250,339
Miel-Norcasia,2016-Mar,3103480,208.055967741935,23050250,155
Miel-Norcasia,2016-Apr,3103480,201.363866666667,23050250,527
Miel-Norcasia,2016-May,3103480,222.461516129032,23050250,338
Miel-Norcasia,2016-Jun,3103480,126.121233333333,23050250,105
Miel-Norcasia,2016-Jul,3103480,107.105838709677,23050250,154
Miel-Norcasia,2016-Aug,3103480,106.839451612903,23050250,227
Miel-Norcasia,2016-Sep,3103480,167.012066666667,23050250,378
Miel-Norcasia,2016-Oct,3103480,278.826225806452,23050250,567
Miel-Norcasia,2016-Nov,3103480,369.551333333333,23050250,601
Miel-Norcasia,2016-Dec,3103480,428.308612903226,23050250,593
Miel-Norcasia,2017-Jan,3103480,320.162290322581,23050250,269
Miel-Norcasia,2017-Feb,3103480,199.457285714286,23050250,170
Miel-Norcasia,2017-Mar,3103480,349.774032258065,23050250,591
Miel-Norcasia,2017-Apr,3103480,327.5183,23050250,644
Miel-Norcasia,2017-May,3103480,432.182451612903,23050250,800
Miel-Norcasia,2017-Jun,3103480,279.422133333333,23050250,521
Miel-Norcasia,2017-Jul,3103480,150.504193548387,23050250,184
Miel-Norcasia,2017-Aug,3103480,176.468129032258,23050250,445
Miel-Norcasia,2017-Sep,3103480,287.435833333333,23050250,643
Miel-Norcasia,2017-Oct,3103480,305.015774193548,23050250,562
Miel-Norcasia,2017-Nov,3103480,444.423733333333,23050250,883
Miel-Norcasia,2017-Dec,3103480,343.440967741936,23050250,375
Miel-Norcasia,2018-Jan,3103480,338.991806451613,23050250,387.2
Miel-Norcasia,2018-Feb,3103480,291.297642857143,23050250,263
Miel-Norcasia,2018-Mar,3103480,277.31064516129,23050250,490
Miel-Norcasia,2018-Apr,3103480,342.889866666667,23050250,570
Miel-Norcasia,2018-May,3103480,491.682193548387,23050250,662
Miel-Norcasia,2018-Jun,3103480,213.481833333333,23050250,71
Miel-Norcasia,2018-Jul,3103480,112.163096774194,23050250,92
Miel-Norcasia,2018-Aug,3103480,130.147709677419,23050250,164
Miel-Norcasia,2018-Sep,3103480,200.074333333333,23050250,585
Miel-Norcasia,2018-Oct,3103480,431.033935483871,23050250,848
Miel-Norcasia,2018-Nov,3103480,432.8422,23050250,521
Miel-Norcasia,2018-Dec,3103480,282.779225806452,23050250,403
Miel-Norcasia,2019-Jan,3103480,239.99335483871,23050250,380
Miel-Norcasia,2019-Feb,3103480,367.035428571429,23050250,364
Miel-Norcasia,2019-Mar,3103480,360.798419354839,23050250,410
Miel-Norcasia,2019-Apr,3103480,326.542733333333,23050250,556
Miel-Norcasia,2019-May,3103480,283.191935483871,23050250,607
Miel-Norcasia,2019-Jun,3103480,205.450633333333,23050250,138
Miel-Norcasia,2019-Jul,3103480,144.523483870968,23050250,290
Miel-Norcasia,2019-Aug,3103480,86.1872580645161,23050250,120
Miel-Norcasia,2019-Sep,3103480,138.699366666667,23050250,414
Miel-Norcasia,2019-Oct,3103480,243.769161290323,23050250,526
Miel-Norcasia,2019-Nov,3103480,311.7716,23050250,494
Miel-Norcasia,2019-Dec,3103480,296.915838709677,23050250,467
Miel-Norcasia,2020-Jan,3103480,216.064322580645,23050250,65
Miel-Norcasia,2020-Feb,3103480,186.249172413793,23050250,207
Miel-Norcasia,2020-Mar,3103480,242.379258064516,23050250,252
Miel-Norcasia,2020-Apr,3103480,211.552133333333,23050250,174
Miel-Norcasia,2020-May,3103480,207.254806451613,23050250,247
Miel-Norcasia,2020-Jun,3103480,204.457766666667,23050250,429
Miel-Norcasia,2020-Jul,3103480,214.920064516129,23050250,417
Miel-Norcasia,2020-Aug,3103480,224.022096774194,23050250,484
Miel-Norcasia,2020-Sep,3103480,304.606466666667,23050250,314
Miel-Norcasia,2020-Oct,3103480,251.728516129032,23050250,245
Miel-Norcasia,2020-Nov,3103480,407.475733333333,23050250,504
Miel-Norcasia,2020-Dec,3103480,414.426129032258,23050250,591
Miel-Norcasia,2021-Jan,3103480,361.475741935484,23050250,149
Miel-Norcasia,2021-Feb,3103480,301.521785714286,23050250,328
Miel-Norcasia,2021-Mar,3103480,339.458806451613,23050250,228
Miel-Norcasia,2021-Apr,3103480,262.328133333333,23050250,414
Miel-Norcasia,2021-May,3103480,318.470903225806,23050250,665
Miel-Norcasia,2021-Jun,3103480,400.9763,23050250,394
Miel-Norcasia,2021-Jul,3103480,198.999935483871,23050250,108
Miel-Norcasia,2021-Aug,3103480,309.629387096774,23050250,557
Miel-Norcasia,2021-Sep,3103480,289.0956,23050250,304
Miel-Norcasia,2021-Oct,3103480,311.898032258065,23050250,756
Miel-Norcasia,2021-Nov,3103480,417.2652,23050250,808
Miel-Norcasia,2021-Dec,3103480,504.071419354839,23050250,472
Miel-Norcasia,2022-Jan,3103480,364.862870967742,23050250,232
Miel-Norcasia,2022-Feb,3103480,324.255607142857,23050250,367
Miel-Norcasia,2022-Mar,3103480,424.753580645161,23050250,559
Miel-Norcasia,2022-Apr,3103480,476.8265,23050250,569
Miel-Norcasia,2022-May,3103480,282.960129032258,23050250,542
Miel-Norcasia,2022-Jun,3103480,331.4899,23050250,467
Miel-Norcasia,2022-Jul,3103480,260.787129032258,23050250,320
Miel-Norcasia,2022-Aug,3103480,240.569935483871,23050250,301
Miel-Norcasia,2022-Sep,3103480,261.433233333333,23050250,477
Miel-Norcasia,2022-Oct,3103480,421.497548387097,23050250,652
Miel-Norcasia,2022-Nov,3103480,415.6683,23050250,682
Miel-Norcasia,2022-Dec,3103480,407.677032258065,23050250,443
Miel-Norcasia,2023-Jan,3103480,401.535064516129,23050250,482
Miel-Norcasia,2023-Feb,3103480,337.716821428571,23050250,228
Miel-Norcasia,2023-Mar,3103480,376.233870967742,23050250,484
Miel-Norcasia,2023-Apr,3103480,298.5761,23050250,636
Miel-Norcasia,2023-May,3103480,208.202709677419,23050250,349
Miel-Norcasia,2023-Jun,3103480,229.720366666667,23050250,448
Miel-Norcasia,2023-Jul,3103480,155.429548387097,23050250,217
Miel-Norcasia,2023-Aug,3103480,191.57264516129,23050250,304
Miel-Norcasia,2023-Sep,3103480,155.010133333333,23050250,205
Miel-Norcasia,2023-Oct,3103480,241.917451612903,23050250,645
Miel-Norcasia,2023-Nov,3103480,303.558833333333,23050250,435
Miel-Norcasia,2023-Dec,3103480,232.019967741935,23050250,384
Miel-Norcasia,2024-Jan,3103480,208.614935483871,23050250,20
Miel-Norcasia,2024-Feb,3103480,231.406310344828,23050250,162
Miel-Norcasia,2024-Mar,3103480,191.567612903226,23050250,123
Miel-Norcasia,2024-Apr,3103480,250.931966666667,23050250,383
Miel-Norcasia,2024-May,3103480,354.133709677419,23050250,529
Miel-Norcasia,2024-Jun,3103480,278.022966666667,23050250,530
Miel-Norcasia,2024-Jul,3103480,316.487,23050250,272
Miel-Norcasia,2024-Aug,3103480,157.660225806452,23050250,284
Miel-Norcasia,2024-Sep,3103480,174.444076923077,23050250,158
Miel-Norcasia,2024-Oct,3103480,297.408350971391,23050250,409
Miel-Norcasia,2024-Nov,3103480,273.263920119314,23050250,512
Miel-Norcasia,2024-Dec,3103480,378.238725549137,23050250,528
Miel-Norcasia,2025-Jan,3103480,299.19100824503,23050250,229
Miel-Norcasia,2025-Feb,3103480,184.69971069252,23050250,268
Miel-Norcasia,2025-Mar,3103480,318.523708793794,23050250,412
Miel-Norcasia,2025-Apr,3103480,338.285164355511,23050250,318
Miel-Norcasia,2025-May,3103480,212.578347393679,23050250,454
Miel-Norcasia,2025-Jun,3103480,256.114395040678,23050250,483
Neusa,2015-Jan,3103530,41.1212903225806,21201180,8.2
Neusa,2015-Feb,3103530,42.2696428571429,21201180,40.8
Neusa,2015-Mar,3103530,66.7222580645161,21201180,68
Neusa,2015-Apr,3103530,100.749,21201180,46.3
Neusa,2015-May,3103530,42.2732258064516,21201180,31.4
Neusa,2015-Jun,3103530,28.305,21201180,102.7
Neusa,2015-Jul,3103530,24.9838709677419,21201180,73.2
Neusa,2015-Aug,3103530,21.8558064516129,21201180,33.6
Neusa,2015-Sep,3103530,22.4985333333333,21201180,20.5
Neusa,2015-Oct,3103530,31.6758064516129,21201180,28.6
Neusa,2015-Nov,3103530,53.909,21201180,39.9
Neusa,2015-Dec,3103530,41.4522580645161,21201180,6.7
Neusa,2016-Jan,3103530,39.631935483871,21201180,8.8
Neusa,2016-Feb,3103530,28.0549310344828,21201180,20.4
Neusa,2016-Mar,3103530,33.7097096774194,21201180,41.9
Neusa,2016-Apr,3103530,44.9543666666667,21201180,157.4
Neusa,2016-May,3103530,50.9826774193548,21201180,81.2
Neusa,2016-Jun,3103530,38.8777,21201180,57
Neusa,2016-Jul,3103530,28.0012580645161,21201180,35
Neusa,2016-Aug,3103530,21.6992258064516,21201180,50.1
Neusa,2016-Sep,3103530,22.4409333333333,21201180,92.3
Neusa,2016-Oct,3103530,79.7520967741936,21201180,58.6
Neusa,2016-Nov,3103530,118.335133333333,21201180,166.7
Neusa,2016-Dec,3103530,115.042,21201180,59.2
Neusa,2017-Jan,3103530,87.3304516129032,21201180,90.5
Neusa,2017-Feb,3103530,39.7790714285714,21201180,32.1
Neusa,2017-Mar,3103530,121.327967741935,21201180,169.8
Neusa,2017-Apr,3103530,124.1813,21201180,76.1
Neusa,2017-May,3103530,148.816129032258,21201180,49.1
Neusa,2017-Jun,3103530,74.1751666666667,21201180,94.7
Neusa,2017-Jul,3103530,35.193,21201180,37.2
Neusa,2017-Aug,3103530,29.7143548387097,21201180,42.7
Neusa,2017-Sep,3103530,31.9949333333333,21201180,14.7
Neusa,2017-Oct,3103530,47.8460967741936,21201180,96.3
Neusa,2017-Nov,3103530,148.160666666667,21201180,145.3
Neusa,2017-Dec,3103530,64.2681935483871,21201180,63.3
Neusa,2018-Jan,3103530,82.3823225806452,21201180,39.9
Neusa,2018-Feb,3103530,67.5388928571429,21201180,90.4
Neusa,2018-Mar,3103530,78.0371935483871,21201180,97.1
Neusa,2018-Apr,3103530,189.281333333333,21201180,130.9
Neusa,2018-May,3103530,182.67964516129,21201180,80.9
Neusa,2018-Jun,3103530,51.4791666666667,21201180,60.9
Neusa,2018-Jul,3103530,36.648064516129,21201180,68.8
Neusa,2018-Aug,3103530,28.1155483870968,21201180,14.2
Neusa,2018-Sep,3103530,29.2850333333333,21201180,49.7
Neusa,2018-Oct,3103530,153.239419354839,21201180,101.7
Neusa,2018-Nov,3103530,132.272566666667,21201180,50.9
Neusa,2018-Dec,3103530,44.6011290322581,21201180,1.3
Neusa,2019-Jan,3103530,30.8348387096774,21201180,9.7
Neusa,2019-Feb,3103530,84.5844285714286,21201180,53.2
Neusa,2019-Mar,3103530,108.555193548387,21201180,83.3
Neusa,2019-Apr,3103530,208.247233333333,21201180,224.8
Neusa,2019-May,3103530,95.743064516129,21201180,86.4
Neusa,2019-Jun,3103530,57.9479333333333,21201180,40.6
Neusa,2019-Jul,3103530,17.0480967741936,21201180,25.8
Neusa,2019-Aug,3103530,19.3612580645161,21201180,26.7
Neusa,2019-Sep,3103530,14.7992333333333,21201180,83.7
Neusa,2019-Oct,3103530,67.8682903225807,21201180,52.4
Neusa,2019-Nov,3103530,170.687733333333,21201180,110
Neusa,2019-Dec,3103530,23.5746774193548,21201180,21.4
Neusa,2020-Jan,3103530,20.3573548387097,21201180,68.2
Neusa,2020-Feb,3103530,33.003,21201180,70.8
Neusa,2020-Mar,3103530,62.3194516129032,21201180,56.5
Neusa,2020-Apr,3103530,66.9296333333333,21201180,39.9
Neusa,2020-May,3103530,38.4218387096774,21201180,57.2
Neusa,2020-Jun,3103530,39.2674333333333,21201180,68.8
Neusa,2020-Jul,3103530,43.0984516129032,21201180,52.3
Neusa,2020-Aug,3103530,26.3364838709677,21201180,40.8
Neusa,2020-Sep,3103530,58.7034,21201180,65.4
Neusa,2020-Oct,3103530,72.143935483871,21201180,26.9
Neusa,2020-Nov,3103530,118.7125,21201180,242.4
Neusa,2020-Dec,3103530,102.19864516129,21201180,45.4
Neusa,2021-Jan,3103530,60.7631612903226,21201180,3
Neusa,2021-Feb,3103530,58.853,21201180,15
Neusa,2021-Mar,3103530,83.9456129032258,21201180,88.3
Neusa,2021-Apr,3103530,91.9412,21201180,37.7
Neusa,2021-May,3103530,141.993741935484,21201180,293.6
Neusa,2021-Jun,3103530,156.646466666667,21201180,117.4
Neusa,2021-Jul,3103530,64.7107741935484,21201180,109.1
Neusa,2021-Aug,3103530,51.8259032258065,21201180,112.2
Neusa,2021-Sep,3103530,53.4969,21201180,39.5
Neusa,2021-Oct,3103530,113.786967741935,21201180,160.2
Neusa,2021-Nov,3103530,185.999066666667,21201180,85.4
Neusa,2021-Dec,3103530,67.5611612903226,21201180,8.5
Neusa,2022-Jan,3103530,66.1963842096467,21201180,29.7
Neusa,2022-Feb,3103530,31.3849562573438,21201180,64.9
Neusa,2022-Mar,3103530,192.328825831578,21201180,103.2
Neusa,2022-Apr,3103530,157.649144949995,21201180,161.5
Neusa,2022-May,3103530,86.2782277218269,21201180,156.1
Neusa,2022-Jun,3103530,0,21201180,151.2
Neusa,2022-Jul,3103530,52.4185760426543,21201180,38.7
Neusa,2022-Aug,3103530,20.556586402386,21201180,74.5
Neusa,2022-Sep,3103530,36.9043112426345,21201180,98.3
Neusa,2022-Oct,3103530,168.76837043217,21201180,195
Neusa,2022-Nov,3103530,140.61399577027,21201180,161
Neusa,2022-Dec,3103530,39.2837104684604,21201180,27.5
Neusa,2023-Jan,3103530,79.6277122734554,21201180,89.8
Neusa,2023-Feb,3103530,61.1266274034443,21201180,46.3
Neusa,2023-Mar,3103530,95.9896703584676,21201180,62.1
Neusa,2023-Apr,3103530,98.8702865589821,21201180,79.1
Neusa,2023-May,3103530,71.7405213062087,21201180,87.8
Neusa,2023-Jun,3103530,93.7236040664165,21201180,66
Neusa,2023-Jul,3103530,36.6577855542841,21201180,58.8
Neusa,2023-Aug,3103530,35.8821410800937,21201180,25
Neusa,2023-Sep,3103530,34.0722463508321,21201180,10
Neusa,2023-Oct,3103530,106.882091875887,21201180,44.9
Neusa,2023-Nov,3103530,104.075591054356,21201180,44.9
Neusa,2023-Dec,3103530,61.7287600001556,21201180,14.1
Neusa,2024-Jan,3103530,78.8754999092267,21201180,0
Neusa,2024-Feb,3103530,61.1010525052491,21201180,13.4
Neusa,2024-Mar,3103530,112.565831550813,21201180,30.7
Neusa,2024-Apr,3103530,164.190542103784,21201180,97.7
Neusa,2024-May,3103530,104.918967540027,21201180,51
Neusa,2024-Jun,3103530,0,21201180,99.2
Neusa,2024-Jul,3103530,19.0919317597771,21201180,28.1
Neusa,2024-Aug,3103530,20.3910925315701,21201180,23.4
Neusa,2024-Sep,3103530,22.5181798155061,21201180,60.2
Neusa,2024-Oct,3103530,0,21201180,146.4
Neusa,2024-Nov,3103530,169.301382126897,21201180,148.4
Neusa,2024-Dec,3103530,82.2511144773488,21201180,9.3
Neusa,2025-Jan,3103530,16.3444419866652,21201180,65.7688710843188
Neusa,2025-Feb,3103530,61.1268816362213,21201180,14.0531408501538
Neusa,2025-Mar,3103530,107.235984476781,21201180,66.9569983970525
Neusa,2025-Apr,3103530,71.0480907897966,21201180,75.6351593873933
Neusa,2025-May,3103530,235.517338808545,21201180,47.2651820953482
Neusa,2025-Jun,3103530,43.2457781289673,21201180,144.679654866961
Tomine,2015-Jan,3107250,56.546064516129,21200780,17.3
Tomine,2015-Feb,3107250,49.8021785714286,21200780,50.5
Tomine,2015-Mar,3107250,53.4508709677419,21200780,65.5
Tomine,2015-Apr,3107250,125.801333333333,21200780,64.7
Tomine,2015-May,3107250,159.445483870968,21200780,111.3
Tomine,2015-Jun,3107250,241.548566666667,21200780,383.7
Tomine,2015-Jul,3107250,246.93635483871,21200780,301.7
Tomine,2015-Aug,3107250,233.08735483871,21200780,283.8
Tomine,2015-Sep,3107250,162.5786,21200780,20.4
Tomine,2015-Oct,3107250,155.906806451613,21200780,19.5
Tomine,2015-Nov,3107250,138.09,21200780,75.3
Tomine,2015-Dec,3107250,61.1345161290323,21200780,25.5
Tomine,2016-Jan,3107250,69.0216451612903,21200780,7
Tomine,2016-Feb,3107250,71.3754482758621,21200780,12.7
Tomine,2016-Mar,3107250,64.7606451612903,21200780,37.2
Tomine,2016-Apr,3107250,117.3631,21200780,175.5
Tomine,2016-May,3107250,170.878870967742,21200780,110.1
Tomine,2016-Jun,3107250,238.6024,21200780,178.7
Tomine,2016-Jul,3107250,251.296774193548,21200780,204.2
Tomine,2016-Aug,3107250,282.47735483871,21200780,112.1
Tomine,2016-Sep,3107250,196.021233333333,21200780,54.6
Tomine,2016-Oct,3107250,161.75964516129,21200780,57.8
Tomine,2016-Nov,3107250,135.278733333333,21200780,138.3
Tomine,2016-Dec,3107250,82.8786774193548,21200780,67.6
Tomine,2017-Jan,3107250,64.8576451612903,21200780,77.4
Tomine,2017-Feb,3107250,75.4107142857143,21200780,103.8
Tomine,2017-Mar,3107250,77.7651612903226,21200780,103.2
Tomine,2017-Apr,3107250,86.3609333333333,21200780,25.2
Tomine,2017-May,3107250,158.010419354839,21200780,193.8
Tomine,2017-Jun,3107250,226.0479,21200780,130.2
Tomine,2017-Jul,3107250,266.187774193548,21200780,165.7
Tomine,2017-Aug,3107250,268.483838709677,21200780,90
Tomine,2017-Sep,3107250,166.486333333333,21200780,57
Tomine,2017-Oct,3107250,142.949838709677,21200780,73.4
Tomine,2017-Nov,3107250,106.769133333333,21200780,21.2
Tomine,2017-Dec,3107250,80.4549032258065,21200780,48.1
Tomine,2018-Jan,3107250,100.314935483871,21200780,39.4
Tomine,2018-Feb,3107250,92.6012857142857,21200780,20.1
Tomine,2018-Mar,3107250,94.9090967741936,21200780,65.9
Tomine,2018-Apr,3107250,172.913966666667,21200780,155.8
Tomine,2018-May,3107250,231.337741935484,21200780,182.9
Tomine,2018-Jun,3107250,268.2126,21200780,286.3
Tomine,2018-Jul,3107250,255.621709677419,21200780,321.2
Tomine,2018-Aug,3107250,240.535032258065,21200780,180.1
Tomine,2018-Sep,3107250,149.5948,21200780,47.2
Tomine,2018-Oct,3107250,174.463580645161,21200780,71.3
Tomine,2018-Nov,3107250,121.730566666667,21200780,52.3
Tomine,2018-Dec,3107250,79.8836129032258,21200780,0.5
Tomine,2019-Jan,3107250,65.2665483870968,21200780,19.5
Tomine,2019-Feb,3107250,80.0564642857143,21200780,10.3
Tomine,2019-Mar,3107250,48.9196774193548,21200780,60.1
Tomine,2019-Apr,3107250,97.5738333333333,21200780,87.2
Tomine,2019-May,3107250,174.814193548387,21200780,96.9
Tomine,2019-Jun,3107250,199.794466666667,21200780,311.1
Tomine,2019-Jul,3107250,181.733677419355,21200780,210.2
Tomine,2019-Aug,3107250,210.699322580645,21200780,107.6
Tomine,2019-Sep,3107250,153.558533333333,21200780,73.1
Tomine,2019-Oct,3107250,148.969677419355,21200780,36.5
Tomine,2019-Nov,3107250,112.094633333333,21200780,89.7
Tomine,2019-Dec,3107250,101,21200780,34.3
Tomine,2020-Jan,3107250,59.3001290322581,21200780,34.3
Tomine,2020-Feb,3107250,50.898275862069,21200780,52.8
Tomine,2020-Mar,3107250,56.7312580645161,21200780,162
Tomine,2020-Apr,3107250,81.3997333333333,21200780,84.2
Tomine,2020-May,3107250,129.464935483871,21200780,165.9
Tomine,2020-Jun,3107250,167.515733333333,21200780,172.1
Tomine,2020-Jul,3107250,178.677258064516,21200780,133.2
Tomine,2020-Aug,3107250,128.909451612903,21200780,36.9
Tomine,2020-Sep,3107250,141.0312,21200780,67.8
Tomine,2020-Oct,3107250,163.352290322581,21200780,65.6
Tomine,2020-Nov,3107250,156.870866666667,21200780,114
Tomine,2020-Dec,3107250,112.882064516129,21200780,20.7
Tomine,2021-Jan,3107250,62.095935483871,21200780,47
Tomine,2021-Feb,3107250,91.8946428571429,21200780,131.3
Tomine,2021-Mar,3107250,116.731032258065,21200780,161.7
Tomine,2021-Apr,3107250,140.7394,21200780,107.7
Tomine,2021-May,3107250,180.542483870968,21200780,174.4
Tomine,2021-Jun,3107250,198.7576,21200780,128.3
Tomine,2021-Jul,3107250,202.182136363636,21200780,218.1
Tomine,2021-Aug,3107250,238.233966342342,21200780,138.5
Tomine,2021-Sep,3107250,163.723645952787,21200780,68.3
Tomine,2021-Oct,3107250,181.771367577859,21200780,161.5
Tomine,2021-Nov,3107250,133.699092210333,21200780,61.8
Tomine,2021-Dec,3107250,75.688665010507,21200780,41.2
Tomine,2022-Jan,3107250,74.1709820061287,21200780,15
Tomine,2022-Feb,3107250,91.1596142669192,21200780,64.2
Tomine,2022-Mar,3107250,55.7292708977735,21200780,48.4
Tomine,2022-Apr,3107250,115.513906453679,21200780,71.7
Tomine,2022-May,3107250,133.390520988781,21200780,170.3
Tomine,2022-Jun,3107250,224.465152110666,21200780,131.2
Tomine,2022-Jul,3107250,226.472258355656,21200780,130.7
Tomine,2022-Aug,3107250,194.593808812442,21200780,197.4
Tomine,2022-Sep,3107250,174.252170927756,21200780,65
Tomine,2022-Oct,3107250,136.054231401938,21200780,105.7
Tomine,2022-Nov,3107250,116.889399242834,21200780,162.4
Tomine,2022-Dec,3107250,101.773343911818,21200780,58.9
Tomine,2023-Jan,3107250,49.6114457829194,21200780,64.1
Tomine,2023-Feb,3107250,46.6432743052831,21200780,20.4
Tomine,2023-Mar,3107250,84.3585868187299,21200780,251.4
Tomine,2023-Apr,3107250,12.0085104606391,21200780,159.9
Tomine,2023-May,3107250,222.673757605737,21200780,111.9
Tomine,2023-Jun,3107250,268.53716263238,21200780,134.3
Tomine,2023-Jul,3107250,189.504223597144,21200780,273.3
Tomine,2023-Aug,3107250,231.176556329037,21200780,148.1
Tomine,2023-Sep,3107250,191.982615663882,21200780,75.5
Tomine,2023-Oct,3107250,156.201659198974,21200780,76
Tomine,2023-Nov,3107250,124.601010426639,21200780,100.6
Tomine,2023-Dec,3107250,92.8440460999376,21200780,54.4
Tomine,2024-Jan,3107250,81.7322764123473,21200780,1.9
Tomine,2024-Feb,3107250,64.7010473325392,21200780,72.9
Tomine,2024-Mar,3107250,92.5835870508517,21200780,46.7
Tomine,2024-Apr,3107250,84.1259267187233,21200780,105.5
Tomine,2024-May,3107250,127.737593715342,21200780,187.4
Tomine,2024-Jun,3107250,171.781742294437,21200780,104.2
Tomine,2024-Jul,3107250,243.316120966123,21200780,152.3
Tomine,2024-Aug,3107250,206.327435601721,21200780,38.8
Tomine,2024-Sep,3107250,137.790004097401,21200780,71.5010079771721
Tomine,2024-Oct,3107250,164.484242814014,21200780,99.1082359382804
Tomine,2024-Nov,3107250,119.301941206729,21200780,89.7044043511335
Tomine,2024-Dec,3107250,73.8116698233491,21200780,41.4973349180569
Tomine,2025-Jan,3107250,99.4869542782767,21200780,54.6660166251698
Tomine,2025-Feb,3107250,95.2494836960666,21200780,66.3715154764443
Tomine,2025-Mar,3107250,50.2778135344022,21200780,157.029655825159
Tomine,2025-Apr,3107250,109.234022328942,21200780,133.721518311014
Tomine,2025-May,3107250,158.429637412138,21200780,118.961066218867
Tomine,2025-Jun,3107250,259.184594530292,21200780,142.26310515886
Sisga,2015-Jan,3107250,56.546064516129,21200620,8.4
Sisga,2015-Feb,3107250,49.8021785714286,21200620,32.7
Sisga,2015-Mar,3107250,53.4508709677419,21200620,45.3
Sisga,2015-Apr,3107250,125.801333333333,21200620,101.8
Sisga,2015-May,3107250,159.445483870968,21200620,147.9
Sisga,2015-Jun,3107250,241.548566666667,21200620,454.6
Sisga,2015-Jul,3107250,246.93635483871,21200620,258
Sisga,2015-Aug,3107250,233.08735483871,21200620,275.5
Sisga,2015-Sep,3107250,162.5786,21200620,49.7
Sisga,2015-Oct,3107250,155.906806451613,21200620,41.7
Sisga,2015-Nov,3107250,138.09,21200620,77.4
Sisga,2015-Dec,3107250,61.1345161290323,21200620,53.9
Sisga,2016-Jan,3107250,69.0216451612903,21200620,3
Sisga,2016-Feb,3107250,71.3754482758621,21200620,1.2
Sisga,2016-Mar,3107250,64.7606451612903,21200620,23.2
Sisga,2016-Apr,3107250,117.3631,21200620,135.1
Sisga,2016-May,3107250,170.878870967742,21200620,218.4
Sisga,2016-Jun,3107250,238.6024,21200620,380.5
Sisga,2016-Jul,3107250,251.296774193548,21200620,241.8
Sisga,2016-Aug,3107250,282.47735483871,21200620,206.5
Sisga,2016-Sep,3107250,196.021233333333,21200620,155.7
Sisga,2016-Oct,3107250,161.75964516129,21200620,73.4
Sisga,2016-Nov,3107250,135.278733333333,21200620,109.7
Sisga,2016-Dec,3107250,82.8786774193548,21200620,30.5
Sisga,2017-Jan,3107250,64.8576451612903,21200620,42.6
Sisga,2017-Feb,3107250,75.4107142857143,21200620,52.6
Sisga,2017-Mar,3107250,77.7651612903226,21200620,161.8
Sisga,2017-Apr,3107250,86.3609333333333,21200620,35.4
Sisga,2017-May,3107250,158.010419354839,21200620,156.8
Sisga,2017-Jun,3107250,226.0479,21200620,261.9
Sisga,2017-Jul,3107250,266.187774193548,21200620,411
Sisga,2017-Aug,3107250,268.483838709677,21200620,127
Sisga,2017-Sep,3107250,166.486333333333,21200620,79.2
Sisga,2017-Oct,3107250,142.949838709677,21200620,124.7
Sisga,2017-Nov,3107250,106.769133333333,21200620,32.6
Sisga,2017-Dec,3107250,80.4549032258065,21200620,54.7
Sisga,2018-Jan,3107250,100.314935483871,21200620,36.6
Sisga,2018-Feb,3107250,92.6012857142857,21200620,25.1
Sisga,2018-Mar,3107250,94.9090967741936,21200620,112.1
Sisga,2018-Apr,3107250,172.913966666667,21200620,166.4
Sisga,2018-May,3107250,231.337741935484,21200620,175.7
Sisga,2018-Jun,3107250,268.2126,21200620,243.7
Sisga,2018-Jul,3107250,255.621709677419,21200620,333.1
Sisga,2018-Aug,3107250,240.535032258065,21200620,175.1
Sisga,2018-Sep,3107250,149.5948,21200620,49.1
Sisga,2018-Oct,3107250,174.463580645161,21200620,102.8
Sisga,2018-Nov,3107250,121.730566666667,21200620,59.4
Sisga,2018-Dec,3107250,79.8836129032258,21200620,3.2
Sisga,2019-Jan,3107250,65.2665483870968,21200620,20.7
Sisga,2019-Feb,3107250,80.0564642857143,21200620,0
Sisga,2019-Mar,3107250,48.9196774193548,21200620,29.3
Sisga,2019-Apr,3107250,97.5738333333333,21200620,88.3
Sisga,2019-May,3107250,174.814193548387,21200620,180
Sisga,2019-Jun,3107250,199.794466666667,21200620,348.5
Sisga,2019-Jul,3107250,181.733677419355,21200620,227.1
Sisga,2019-Aug,3107250,210.699322580645,21200620,201.5
Sisga,2019-Sep,3107250,153.558533333333,21200620,62
Sisga,2019-Oct,3107250,148.969677419355,21200620,71.5
Sisga,2019-Nov,3107250,112.094633333333,21200620,41.2
Sisga,2019-Dec,3107250,101,21200620,32.3
Sisga,2020-Jan,3107250,59.3001290322581,21200620,64.9
Sisga,2020-Feb,3107250,50.898275862069,21200620,35.1
Sisga,2020-Mar,3107250,56.7312580645161,21200620,42.8
Sisga,2020-Apr,3107250,81.3997333333333,21200620,32.1
Sisga,2020-May,3107250,129.464935483871,21200620,118.6
Sisga,2020-Jun,3107250,167.515733333333,21200620,161.7
Sisga,2020-Jul,3107250,178.677258064516,21200620,193.9
Sisga,2020-Aug,3107250,128.909451612903,21200620,100.6
Sisga,2020-Sep,3107250,141.0312,21200620,65.8
Sisga,2020-Oct,3107250,163.352290322581,21200620,66.6
Sisga,2020-Nov,3107250,156.870866666667,21200620,164.2
Sisga,2020-Dec,3107250,112.882064516129,21200620,7.7
Sisga,2021-Jan,3107250,62.095935483871,21200620,3.8
Sisga,2021-Feb,3107250,91.8946428571429,21200620,37.7
Sisga,2021-Mar,3107250,116.731032258065,21200620,111.7
Sisga,2021-Apr,3107250,140.7394,21200620,117.8
Sisga,2021-May,3107250,180.542483870968,21200620,157.7
Sisga,2021-Jun,3107250,198.7576,21200620,128.7
Sisga,2021-Jul,3107250,202.182136363636,21200620,202.4
Sisga,2021-Aug,3107250,190.392653909562,21200620,114.3
Sisga,2021-Sep,3107250,155.377350263781,21200620,80.5
Sisga,2021-Oct,3107250,160.627442552868,21200620,129.8
Sisga,2021-Nov,3107250,132.788716351705,21200620,70.4
Sisga,2021-Dec,3107250,82.5030610466737,21200620,0.2
Sisga,2022-Jan,3107250,87.036781893629,21200620,4
Sisga,2022-Feb,3107250,69.3510176908729,21200620,31.9
Sisga,2022-Mar,3107250,105.78190988459,21200620,41.2
Sisga,2022-Apr,3107250,127.995799213167,21200620,124
Sisga,2022-May,3107250,146.706541974102,21200620,162.1
Sisga,2022-Jun,3107250,259.014670865478,21200620,166
Sisga,2022-Jul,3107250,225.634302999306,21200620,150.6
Sisga,2022-Aug,3107250,280.606511040369,21200620,150.1
Sisga,2022-Sep,3107250,169.469749367586,21200620,103.1
Sisga,2022-Oct,3107250,160.641760037057,21200620,126.8
Sisga,2022-Nov,3107250,101.536297925859,21200620,142
Sisga,2022-Dec,3107250,92.0082309494584,21200620,15.8
Sisga,2023-Jan,3107250,59.4789918518914,21200620,37
Sisga,2023-Feb,3107250,92.316408920862,21200620,8
Sisga,2023-Mar,3107250,73.8461788674736,21200620,105
Sisga,2023-Apr,3107250,113.216638836127,21200620,152.8
Sisga,2023-May,3107250,236.932566767865,21200620,134.2
Sisga,2023-Jun,3107250,246.691355408295,21200620,233
Sisga,2023-Jul,3107250,192.644875137263,21200620,249.4
Sisga,2023-Aug,3107250,219.336122613813,21200620,118.5
Sisga,2023-Sep,3107250,150.726589816252,21200620,64.6
Sisga,2023-Oct,3107250,152.227037729895,21200620,34.4
Sisga,2023-Nov,3107250,102.291886914388,21200620,69.7
Sisga,2023-Dec,3107250,113.116617903522,21200620,26.8
Sisga,2024-Jan,3107250,76.2661659234738,21200620,0
Sisga,2024-Feb,3107250,87.547680533857,21200620,50
Sisga,2024-Mar,3107250,90.2792695757215,21200620,50.7
Sisga,2024-Apr,3107250,120.605708805515,21200620,91.4
Sisga,2024-May,3107250,140.885026403091,21200620,211.5
Sisga,2024-Jun,3107250,241.057042454732,21200620,218.5
Sisga,2024-Jul,3107250,228.91649293529,21200620,200.4
Sisga,2024-Aug,3107250,182.293600132993,21200620,91.4
Sisga,2024-Sep,3107250,145.76575530632,21200620,59
Sisga,2024-Oct,3107250,152.628853918419,21200620,84.3
Sisga,2024-Nov,3107250,115.108438334611,21200620,133
Sisga,2024-Dec,3107250,101.91940563839,21200620,6.8
Sisga,2025-Jan,3107250,65.2195274667555,21200620,7.3
Sisga,2025-Feb,3107250,87.339969911452,21200620,14.8
Sisga,2025-Mar,3107250,65.6098418404332,21200620,96.7
Sisga,2025-Apr,3107250,136.81140935847,21200620,123.4
Sisga,2025-May,3107250,134.431920062202,21200620,190.3
Sisga,2025-Jun,3107250,241.199148599783,21200620,215
Guavio,2015-Jan,3107250,56.546064516129,35060100,124.3
Guavio,2015-Feb,3107250,49.8021785714286,35060100,46.9
Guavio,2015-Mar,3107250,53.4508709677419,35060100,112.3
Guavio,2015-Apr,3107250,125.801333333333,35060100,303.7
Guavio,2015-May,3107250,159.445483870968,35060100,329
Guavio,2015-Jun,3107250,241.548566666667,35060100,353.598435124613
Guavio,2015-Jul,3107250,246.93635483871,35060100,168.326994656222
Guavio,2015-Aug,3107250,233.08735483871,35060100,269.654326984751
Guavio,2015-Sep,3107250,162.5786,35060100,247.395201991631
Guavio,2015-Oct,3107250,155.906806451613,35060100,153.220593443171
Guavio,2015-Nov,3107250,138.09,35060100,133.521990197564
Guavio,2015-Dec,3107250,61.1345161290323,35060100,58.111814702138
Guavio,2016-Jan,3107250,69.0216451612903,35060100,0
Guavio,2016-Feb,3107250,71.3754482758621,35060100,91.2
Guavio,2016-Mar,3107250,64.7606451612903,35060100,166.2
Guavio,2016-Apr,3107250,117.3631,35060100,312.5
Guavio,2016-May,3107250,170.878870967742,35060100,318.1
Guavio,2016-Jun,3107250,238.6024,35060100,209.7
Guavio,2016-Jul,3107250,251.296774193548,35060100,259.6
Guavio,2016-Aug,3107250,282.47735483871,35060100,357.2
Guavio,2016-Sep,3107250,196.021233333333,35060100,260
Guavio,2016-Oct,3107250,161.75964516129,35060100,142.2
Guavio,2016-Nov,3107250,135.278733333333,35060100,139
Guavio,2016-Dec,3107250,82.8786774193548,35060100,75.5
Guavio,2017-Jan,3107250,64.8576451612903,35060100,128.9
Guavio,2017-Feb,3107250,75.4107142857143,35060100,75.8
Guavio,2017-Mar,3107250,77.7651612903226,35060100,231.3
Guavio,2017-Apr,3107250,86.3609333333333,35060100,132.9
Guavio,2017-May,3107250,158.010419354839,35060100,362.6
Guavio,2017-Jun,3107250,226.0479,35060100,337.4
Guavio,2017-Jul,3107250,266.187774193548,35060100,188.8
Guavio,2017-Aug,3107250,268.483838709677,35060100,168
Guavio,2017-Sep,3107250,166.486333333333,35060100,162.2
Guavio,2017-Oct,3107250,142.949838709677,35060100,155.4
Guavio,2017-Nov,3107250,106.769133333333,35060100,111.3
Guavio,2017-Dec,3107250,80.4549032258065,35060100,35.8
Guavio,2018-Jan,3107250,100.314935483871,35060100,62
Guavio,2018-Feb,3107250,92.6012857142857,35060100,15.3
Guavio,2018-Mar,3107250,94.9090967741936,35060100,127.1
Guavio,2018-Apr,3107250,172.913966666667,35060100,225.1
Guavio,2018-May,3107250,231.337741935484,35060100,345.1
Guavio,2018-Jun,3107250,268.2126,35060100,394.7
Guavio,2018-Jul,3107250,255.621709677419,35060100,389
Guavio,2018-Aug,3107250,240.535032258065,35060100,250.5
Guavio,2018-Sep,3107250,149.5948,35060100,196.7
Guavio,2018-Oct,3107250,174.463580645161,35060100,137
Guavio,2018-Nov,3107250,121.730566666667,35060100,43.3
Guavio,2018-Dec,3107250,79.8836129032258,35060100,20.4
Guavio,2019-Jan,3107250,65.2665483870968,35060100,36.5
Guavio,2019-Feb,3107250,80.0564642857143,35060100,14.3
Guavio,2019-Mar,3107250,48.9196774193548,35060100,119.9
Guavio,2019-Apr,3107250,97.5738333333333,35060100,213.7
Guavio,2019-May,3107250,174.814193548387,35060100,286.8
Guavio,2019-Jun,3107250,199.794466666667,35060100,458.6
Guavio,2019-Jul,3107250,181.733677419355,35060100,415
Guavio,2019-Aug,3107250,210.699322580645,35060100,285.8
Guavio,2019-Sep,3107250,153.558533333333,35060100,118.1
Guavio,2019-Oct,3107250,148.969677419355,35060100,126.8
Guavio,2019-Nov,3107250,112.094633333333,35060100,81
Guavio,2019-Dec,3107250,101,35060100,51.4
Guavio,2020-Jan,3107250,59.3001290322581,35060100,36.6
Guavio,2020-Feb,3107250,50.898275862069,35060100,40.841825873176
Guavio,2020-Mar,3107250,56.7312580645161,35060100,170.401049355632
Guavio,2020-Apr,3107250,81.3997333333333,35060100,263.811508184848
Guavio,2020-May,3107250,129.464935483871,35060100,322.197123487307
Guavio,2020-Jun,3107250,167.515733333333,35060100,371.147439908846
Guavio,2020-Jul,3107250,178.677258064516,35060100,395.527185500478
Guavio,2020-Aug,3107250,128.909451612903,35060100,201.706851852623
Guavio,2020-Sep,3107250,141.0312,35060100,195.3
Guavio,2020-Oct,3107250,163.352290322581,35060100,167.7
Guavio,2020-Nov,3107250,156.870866666667,35060100,93.7
Guavio,2020-Dec,3107250,112.882064516129,35060100,60.2
Guavio,2021-Jan,3107250,62.095935483871,35060100,98.9
Guavio,2021-Feb,3107250,91.8946428571429,35060100,58.8
Guavio,2021-Mar,3107250,116.731032258065,35060100,185.5
Guavio,2021-Apr,3107250,140.7394,35060100,249.7
Guavio,2021-May,3107250,180.542483870968,35060100,380.7
Guavio,2021-Jun,3107250,198.7576,35060100,307.3
Guavio,2021-Jul,3107250,202.182136363636,35060100,252.3
Guavio,2021-Aug,3107250,181.516940605204,35060100,288.6
Guavio,2021-Sep,3107250,146.976481965206,35060100,215.8
Guavio,2021-Oct,3107250,168.536626448639,35060100,240.8
Guavio,2021-Nov,3107250,103.914475194885,35060100,114.1
Guavio,2021-Dec,3107250,55.3176789904543,35060100,9.4
Guavio,2022-Jan,3107250,65.842471845172,35060100,7.8
Guavio,2022-Feb,3107250,68.1128281619829,35060100,84.7
Guavio,2022-Mar,3107250,111.432247809506,35060100,171.4
Guavio,2022-Apr,3107250,104.398206799205,35060100,193.7
Guavio,2022-May,3107250,148.108036021326,35060100,411.3
Guavio,2022-Jun,3107250,252.327862834641,35060100,194.7
Guavio,2022-Jul,3107250,232.925044809531,35060100,347
Guavio,2022-Aug,3107250,194.638811510007,35060100,242.6
Guavio,2022-Sep,3107250,164.431347555556,35060100,128.3
Guavio,2022-Oct,3107250,151.444100659478,35060100,119.8
Guavio,2022-Nov,3107250,162.539549110285,35060100,104
Guavio,2022-Dec,3107250,110.914435815735,35060100,34.1
Guavio,2023-Jan,3107250,67.9200624609163,35060100,175.7
Guavio,2023-Feb,3107250,78.7782014448206,35060100,49.7
Guavio,2023-Mar,3107250,70.6198739612296,35060100,252.5
Guavio,2023-Apr,3107250,124.740291486535,35060100,242.2
Guavio,2023-May,3107250,172.830381500337,35060100,146.3
Guavio,2023-Jun,3107250,292.478013616266,35060100,267.3
Guavio,2023-Jul,3107250,307.717620745473,35060100,235.5
Guavio,2023-Aug,3107250,111.401598277178,35060100,224.9
Guavio,2023-Sep,3107250,168.103809528002,35060100,151.9
Guavio,2023-Oct,3107250,147.846027980734,35060100,91.4
Guavio,2023-Nov,3107250,150.411256880548,35060100,122
Guavio,2023-Dec,3107250,84.2959899962692,35060100,123.3
Guavio,2024-Jan,3107250,53.4203176723428,35060100,1.5
Guavio,2024-Feb,3107250,58.7175241243617,35060100,95.6
Guavio,2024-Mar,3107250,83.3116684978828,35060100,146.8
Guavio,2024-Apr,3107250,117.859972545068,35060100,178.8
Guavio,2024-May,3107250,187.508054064197,35060100,426.5
Guavio,2024-Jun,3107250,194.263273433847,35060100,292.8
Guavio,2024-Jul,3107250,195.960790606024,35060100,251.1
Guavio,2024-Aug,3107250,198.659394135332,35060100,172.5
Guavio,2024-Sep,3107250,197.55100730787,35060100,119
Guavio,2024-Oct,3107250,163.405439541289,35060100,154.8
Guavio,2024-Nov,3107250,119.745118700853,35060100,103.6
Guavio,2024-Dec,3107250,108.810645093603,35060100,90.9
Guavio,2025-Jan,3107250,67.9274791530669,35060100,0
Guavio,2025-Feb,3107250,82.208343309387,35060100,59.3045669590117
Guavio,2025-Mar,3107250,90.4829218319253,35060100,146.173922729893
Guavio,2025-Apr,3107250,120.627834261761,35060100,166.706345219946
Guavio,2025-May,3107250,217.054634770656,35060100,344.054179754411
Guavio,2025-Jun,3107250,249.403807886532,35060100,207.717432430864
